"ID","item_name","response"
"VB007","probable_continuar_estudios",10
"VB007","estudiar_vale_la_pena",7
"VB007","considera_trabajar",0
"VB007","probabilidad_cambiar_planes",1
"VB007","probabilidad_carrera_no_gusta",10
"VB007","influencia_situacion_pais",3
"VB007","esfuerzo_es_suficiente",5
"VB007","sosten_economico_carrera",8
"VB008","probable_continuar_estudios",10
"VB008","estudiar_vale_la_pena",9
"VB008","considera_trabajar",1
"VB008","probabilidad_cambiar_planes",2
"VB008","probabilidad_carrera_no_gusta",2
"VB008","influencia_situacion_pais",8
"VB008","esfuerzo_es_suficiente",5
"VB008","sosten_economico_carrera",8
"VB009","probable_continuar_estudios",9
"VB009","estudiar_vale_la_pena",9
"VB009","considera_trabajar",1
"VB009","probabilidad_cambiar_planes",4
"VB009","probabilidad_carrera_no_gusta",6
"VB009","influencia_situacion_pais",10
"VB009","esfuerzo_es_suficiente",4
"VB009","sosten_economico_carrera",8
"VB010","probable_continuar_estudios",9
"VB010","estudiar_vale_la_pena",7
"VB010","considera_trabajar",0
"VB010","probabilidad_cambiar_planes",8
"VB010","probabilidad_carrera_no_gusta",3
"VB010","influencia_situacion_pais",7
"VB010","esfuerzo_es_suficiente",4
"VB010","sosten_economico_carrera",8
"VB011","probable_continuar_estudios",7
"VB011","estudiar_vale_la_pena",8
"VB011","considera_trabajar",1
"VB011","probabilidad_cambiar_planes",7
"VB011","probabilidad_carrera_no_gusta",5
"VB011","influencia_situacion_pais",10
"VB011","esfuerzo_es_suficiente",5
"VB011","sosten_economico_carrera",5
"VB012","probable_continuar_estudios",10
"VB012","estudiar_vale_la_pena",10
"VB012","considera_trabajar",0
"VB012","probabilidad_cambiar_planes",7
"VB012","probabilidad_carrera_no_gusta",8
"VB012","influencia_situacion_pais",10
"VB012","esfuerzo_es_suficiente",5
"VB012","sosten_economico_carrera",6
"VB013","probable_continuar_estudios",7
"VB013","estudiar_vale_la_pena",7
"VB013","considera_trabajar",0
"VB013","probabilidad_cambiar_planes",3
"VB013","probabilidad_carrera_no_gusta",8
"VB013","influencia_situacion_pais",10
"VB013","esfuerzo_es_suficiente",4
"VB013","sosten_economico_carrera",9
"VB014","probable_continuar_estudios",5
"VB014","estudiar_vale_la_pena",6
"VB014","considera_trabajar",1
"VB014","probabilidad_cambiar_planes",4
"VB014","probabilidad_carrera_no_gusta",7
"VB014","influencia_situacion_pais",8
"VB014","esfuerzo_es_suficiente",4
"VB014","sosten_economico_carrera",4
"VB015","probable_continuar_estudios",9
"VB015","estudiar_vale_la_pena",9
"VB015","considera_trabajar",1
"VB015","probabilidad_cambiar_planes",9
"VB015","probabilidad_carrera_no_gusta",8
"VB015","influencia_situacion_pais",10
"VB015","esfuerzo_es_suficiente",5
"VB015","sosten_economico_carrera",8
"VB016","probable_continuar_estudios",8
"VB016","estudiar_vale_la_pena",5
"VB016","considera_trabajar",0
"VB016","probabilidad_cambiar_planes",6
"VB016","probabilidad_carrera_no_gusta",8
"VB016","influencia_situacion_pais",8
"VB016","esfuerzo_es_suficiente",4
"VB016","sosten_economico_carrera",7
"VB017","probable_continuar_estudios",7
"VB017","estudiar_vale_la_pena",8
"VB017","considera_trabajar",0
"VB017","probabilidad_cambiar_planes",6
"VB017","probabilidad_carrera_no_gusta",7
"VB017","influencia_situacion_pais",8
"VB017","esfuerzo_es_suficiente",5
"VB017","sosten_economico_carrera",7
"VB018","probable_continuar_estudios",9
"VB018","estudiar_vale_la_pena",5
"VB018","considera_trabajar",1
"VB018","probabilidad_cambiar_planes",9
"VB018","probabilidad_carrera_no_gusta",8
"VB018","influencia_situacion_pais",10
"VB018","esfuerzo_es_suficiente",5
"VB018","sosten_economico_carrera",8
"VB019","probable_continuar_estudios",10
"VB019","estudiar_vale_la_pena",10
"VB019","considera_trabajar",0
"VB019","probabilidad_cambiar_planes",5
"VB019","probabilidad_carrera_no_gusta",4
"VB019","influencia_situacion_pais",8
"VB019","esfuerzo_es_suficiente",3
"VB019","sosten_economico_carrera",8
"VB020","probable_continuar_estudios",10
"VB020","estudiar_vale_la_pena",10
"VB020","considera_trabajar",0
"VB020","probabilidad_cambiar_planes",4
"VB020","probabilidad_carrera_no_gusta",6
"VB020","influencia_situacion_pais",8
"VB020","esfuerzo_es_suficiente",4
"VB020","sosten_economico_carrera",7
"VB021","probable_continuar_estudios",9
"VB021","estudiar_vale_la_pena",8
"VB021","considera_trabajar",1
"VB021","probabilidad_cambiar_planes",6
"VB021","probabilidad_carrera_no_gusta",8
"VB021","influencia_situacion_pais",5
"VB021","esfuerzo_es_suficiente",5
"VB021","sosten_economico_carrera",8
"VB022","probable_continuar_estudios",8
"VB022","estudiar_vale_la_pena",8
"VB022","considera_trabajar",0
"VB022","probabilidad_cambiar_planes",6
"VB022","probabilidad_carrera_no_gusta",8
"VB022","influencia_situacion_pais",5
"VB022","esfuerzo_es_suficiente",4
"VB022","sosten_economico_carrera",8
"VB023","probable_continuar_estudios",10
"VB023","estudiar_vale_la_pena",7
"VB023","considera_trabajar",1
"VB023","probabilidad_cambiar_planes",7
"VB023","probabilidad_carrera_no_gusta",7
"VB023","influencia_situacion_pais",8
"VB023","esfuerzo_es_suficiente",5
"VB023","sosten_economico_carrera",7
"VB024","probable_continuar_estudios",10
"VB024","estudiar_vale_la_pena",10
"VB024","considera_trabajar",1
"VB024","probabilidad_cambiar_planes",1
"VB024","probabilidad_carrera_no_gusta",8
"VB024","influencia_situacion_pais",10
"VB024","esfuerzo_es_suficiente",5
"VB024","sosten_economico_carrera",7
"VB025","probable_continuar_estudios",10
"VB025","estudiar_vale_la_pena",10
"VB025","considera_trabajar",1
"VB025","probabilidad_cambiar_planes",4
"VB025","probabilidad_carrera_no_gusta",9
"VB025","influencia_situacion_pais",9
"VB025","esfuerzo_es_suficiente",5
"VB025","sosten_economico_carrera",9
"VB026","probable_continuar_estudios",10
"VB026","estudiar_vale_la_pena",10
"VB026","considera_trabajar",0
"VB026","probabilidad_cambiar_planes",5
"VB026","probabilidad_carrera_no_gusta",4
"VB026","influencia_situacion_pais",8
"VB026","esfuerzo_es_suficiente",4
"VB026","sosten_economico_carrera",9
"VB027","probable_continuar_estudios",9
"VB027","estudiar_vale_la_pena",10
"VB027","considera_trabajar",0
"VB027","probabilidad_cambiar_planes",5
"VB027","probabilidad_carrera_no_gusta",5
"VB027","influencia_situacion_pais",7
"VB027","esfuerzo_es_suficiente",5
"VB027","sosten_economico_carrera",5
"VB0555","probable_continuar_estudios",7
"VB0555","estudiar_vale_la_pena",9
"VB0555","considera_trabajar",0
"VB0555","probabilidad_cambiar_planes",3
"VB0555","probabilidad_carrera_no_gusta",6
"VB0555","influencia_situacion_pais",8
"VB0555","esfuerzo_es_suficiente",5
"VB0555","sosten_economico_carrera",7
"VB556","probable_continuar_estudios",8
"VB556","estudiar_vale_la_pena",8
"VB556","considera_trabajar",1
"VB556","probabilidad_cambiar_planes",6
"VB556","probabilidad_carrera_no_gusta",8
"VB556","influencia_situacion_pais",9
"VB556","esfuerzo_es_suficiente",5
"VB556","sosten_economico_carrera",9
"VB030","probable_continuar_estudios",6
"VB030","estudiar_vale_la_pena",6
"VB030","considera_trabajar",1
"VB030","probabilidad_cambiar_planes",5
"VB030","probabilidad_carrera_no_gusta",7
"VB030","influencia_situacion_pais",7
"VB030","esfuerzo_es_suficiente",4
"VB030","sosten_economico_carrera",8
"VB031","probable_continuar_estudios",10
"VB031","estudiar_vale_la_pena",10
"VB031","considera_trabajar",0
"VB031","probabilidad_cambiar_planes",10
"VB031","probabilidad_carrera_no_gusta",1
"VB031","influencia_situacion_pais",1
"VB031","esfuerzo_es_suficiente",5
"VB031","sosten_economico_carrera",7
"VB032","probable_continuar_estudios",8
"VB032","estudiar_vale_la_pena",8
"VB032","considera_trabajar",0
"VB032","probabilidad_cambiar_planes",10
"VB032","probabilidad_carrera_no_gusta",3
"VB032","influencia_situacion_pais",3
"VB032","esfuerzo_es_suficiente",5
"VB032","sosten_economico_carrera",7
"VB033","probable_continuar_estudios",10
"VB033","estudiar_vale_la_pena",6
"VB033","considera_trabajar",1
"VB033","probabilidad_cambiar_planes",4
"VB033","probabilidad_carrera_no_gusta",4
"VB033","influencia_situacion_pais",1
"VB033","esfuerzo_es_suficiente",5
"VB033","sosten_economico_carrera",7
"VB034","probable_continuar_estudios",9
"VB034","estudiar_vale_la_pena",8
"VB034","considera_trabajar",1
"VB034","probabilidad_cambiar_planes",7
"VB034","probabilidad_carrera_no_gusta",3
"VB034","influencia_situacion_pais",7
"VB034","esfuerzo_es_suficiente",5
"VB034","sosten_economico_carrera",5
"VB035","probable_continuar_estudios",10
"VB035","estudiar_vale_la_pena",10
"VB035","considera_trabajar",1
"VB035","probabilidad_cambiar_planes",4
"VB035","probabilidad_carrera_no_gusta",1
"VB035","influencia_situacion_pais",4
"VB035","esfuerzo_es_suficiente",5
"VB035","sosten_economico_carrera",1
"VB036","probable_continuar_estudios",9
"VB036","estudiar_vale_la_pena",10
"VB036","considera_trabajar",0
"VB036","probabilidad_cambiar_planes",9
"VB036","probabilidad_carrera_no_gusta",3
"VB036","influencia_situacion_pais",8
"VB036","esfuerzo_es_suficiente",5
"VB036","sosten_economico_carrera",9
"VB037","probable_continuar_estudios",10
"VB037","estudiar_vale_la_pena",8
"VB037","considera_trabajar",1
"VB037","probabilidad_cambiar_planes",4
"VB037","probabilidad_carrera_no_gusta",6
"VB037","influencia_situacion_pais",8
"VB037","esfuerzo_es_suficiente",4
"VB037","sosten_economico_carrera",4
"VB038","probable_continuar_estudios",9
"VB038","estudiar_vale_la_pena",10
"VB038","considera_trabajar",0
"VB038","probabilidad_cambiar_planes",4
"VB038","probabilidad_carrera_no_gusta",6
"VB038","influencia_situacion_pais",5
"VB038","esfuerzo_es_suficiente",5
"VB038","sosten_economico_carrera",10
"VB039","probable_continuar_estudios",9
"VB039","estudiar_vale_la_pena",7
"VB039","considera_trabajar",1
"VB039","probabilidad_cambiar_planes",3
"VB039","probabilidad_carrera_no_gusta",2
"VB039","influencia_situacion_pais",3
"VB039","esfuerzo_es_suficiente",3
"VB039","sosten_economico_carrera",6
"VB040","probable_continuar_estudios",10
"VB040","estudiar_vale_la_pena",9
"VB040","considera_trabajar",0
"VB040","probabilidad_cambiar_planes",6
"VB040","probabilidad_carrera_no_gusta",4
"VB040","influencia_situacion_pais",5
"VB040","esfuerzo_es_suficiente",3
"VB040","sosten_economico_carrera",5
"VB041","probable_continuar_estudios",10
"VB041","estudiar_vale_la_pena",8
"VB041","considera_trabajar",1
"VB041","probabilidad_cambiar_planes",2
"VB041","probabilidad_carrera_no_gusta",9
"VB041","influencia_situacion_pais",8
"VB041","esfuerzo_es_suficiente",5
"VB041","sosten_economico_carrera",4
"VB042","probable_continuar_estudios",7
"VB042","estudiar_vale_la_pena",5
"VB042","considera_trabajar",1
"VB042","probabilidad_cambiar_planes",7
"VB042","probabilidad_carrera_no_gusta",9
"VB042","influencia_situacion_pais",6
"VB042","esfuerzo_es_suficiente",5
"VB042","sosten_economico_carrera",5
"VB043","probable_continuar_estudios",2
"VB043","estudiar_vale_la_pena",6
"VB043","considera_trabajar",1
"VB043","probabilidad_cambiar_planes",6
"VB043","probabilidad_carrera_no_gusta",7
"VB043","influencia_situacion_pais",8
"VB043","esfuerzo_es_suficiente",5
"VB043","sosten_economico_carrera",5
"VB044","probable_continuar_estudios",1
"VB044","estudiar_vale_la_pena",4
"VB044","considera_trabajar",1
"VB044","probabilidad_cambiar_planes",1
"VB044","probabilidad_carrera_no_gusta",10
"VB044","influencia_situacion_pais",6
"VB044","esfuerzo_es_suficiente",5
"VB044","sosten_economico_carrera",1
"VB045","probable_continuar_estudios",4
"VB045","estudiar_vale_la_pena",6
"VB045","considera_trabajar",1
"VB045","probabilidad_cambiar_planes",10
"VB045","probabilidad_carrera_no_gusta",7
"VB045","influencia_situacion_pais",6
"VB045","esfuerzo_es_suficiente",5
"VB045","sosten_economico_carrera",7
"VB046","probable_continuar_estudios",10
"VB046","estudiar_vale_la_pena",10
"VB046","considera_trabajar",1
"VB046","probabilidad_cambiar_planes",10
"VB046","probabilidad_carrera_no_gusta",10
"VB046","influencia_situacion_pais",10
"VB046","esfuerzo_es_suficiente",5
"VB046","sosten_economico_carrera",10
"VB047","probable_continuar_estudios",6
"VB047","estudiar_vale_la_pena",5
"VB047","considera_trabajar",1
"VB047","probabilidad_cambiar_planes",4
"VB047","probabilidad_carrera_no_gusta",7
"VB047","influencia_situacion_pais",9
"VB047","esfuerzo_es_suficiente",4
"VB047","sosten_economico_carrera",6
"VB049","probable_continuar_estudios",9
"VB049","estudiar_vale_la_pena",6
"VB049","considera_trabajar",1
"VB049","probabilidad_cambiar_planes",6
"VB049","probabilidad_carrera_no_gusta",7
"VB049","influencia_situacion_pais",10
"VB049","esfuerzo_es_suficiente",5
"VB049","sosten_economico_carrera",7
"VB050","probable_continuar_estudios",9
"VB050","estudiar_vale_la_pena",8
"VB050","considera_trabajar",0
"VB050","probabilidad_cambiar_planes",8
"VB050","probabilidad_carrera_no_gusta",5
"VB050","influencia_situacion_pais",9
"VB050","esfuerzo_es_suficiente",2
"VB050","sosten_economico_carrera",8
"VB051","probable_continuar_estudios",6
"VB051","estudiar_vale_la_pena",3
"VB051","considera_trabajar",1
"VB051","probabilidad_cambiar_planes",7
"VB051","probabilidad_carrera_no_gusta",10
"VB051","influencia_situacion_pais",8
"VB051","esfuerzo_es_suficiente",4
"VB051","sosten_economico_carrera",6
"VB052","probable_continuar_estudios",1
"VB052","estudiar_vale_la_pena",1
"VB052","considera_trabajar",1
"VB052","probabilidad_cambiar_planes",8
"VB052","probabilidad_carrera_no_gusta",10
"VB052","influencia_situacion_pais",10
"VB052","esfuerzo_es_suficiente",5
"VB052","sosten_economico_carrera",5
"VB053","probable_continuar_estudios",10
"VB053","estudiar_vale_la_pena",10
"VB053","considera_trabajar",1
"VB053","probabilidad_cambiar_planes",4
"VB053","probabilidad_carrera_no_gusta",2
"VB053","influencia_situacion_pais",9
"VB053","esfuerzo_es_suficiente",4
"VB053","sosten_economico_carrera",5
"VB054","probable_continuar_estudios",9
"VB054","estudiar_vale_la_pena",8
"VB054","considera_trabajar",0
"VB054","probabilidad_cambiar_planes",1
"VB054","probabilidad_carrera_no_gusta",2
"VB054","influencia_situacion_pais",5
"VB054","esfuerzo_es_suficiente",5
"VB054","sosten_economico_carrera",5
"VB055","probable_continuar_estudios",6
"VB055","estudiar_vale_la_pena",6
"VB055","considera_trabajar",1
"VB055","probabilidad_cambiar_planes",10
"VB055","probabilidad_carrera_no_gusta",7
"VB055","influencia_situacion_pais",9
"VB055","esfuerzo_es_suficiente",5
"VB055","sosten_economico_carrera",1
"VB056","probable_continuar_estudios",10
"VB056","estudiar_vale_la_pena",10
"VB056","considera_trabajar",1
"VB056","probabilidad_cambiar_planes",8
"VB056","probabilidad_carrera_no_gusta",5
"VB056","influencia_situacion_pais",9
"VB056","esfuerzo_es_suficiente",5
"VB056","sosten_economico_carrera",9
"VB057","probable_continuar_estudios",10
"VB057","estudiar_vale_la_pena",10
"VB057","considera_trabajar",0
"VB057","probabilidad_cambiar_planes",9
"VB057","probabilidad_carrera_no_gusta",10
"VB057","influencia_situacion_pais",8
"VB057","esfuerzo_es_suficiente",3
"VB057","sosten_economico_carrera",7
"VB058","probable_continuar_estudios",9
"VB058","estudiar_vale_la_pena",9
"VB058","considera_trabajar",1
"VB058","probabilidad_cambiar_planes",5
"VB058","probabilidad_carrera_no_gusta",6
"VB058","influencia_situacion_pais",5
"VB058","esfuerzo_es_suficiente",5
"VB058","sosten_economico_carrera",6
"VB059","probable_continuar_estudios",10
"VB059","estudiar_vale_la_pena",9
"VB059","considera_trabajar",1
"VB059","probabilidad_cambiar_planes",10
"VB059","probabilidad_carrera_no_gusta",5
"VB059","influencia_situacion_pais",2
"VB059","esfuerzo_es_suficiente",5
"VB059","sosten_economico_carrera",9
"VB060","probable_continuar_estudios",10
"VB060","estudiar_vale_la_pena",10
"VB060","considera_trabajar",1
"VB060","probabilidad_cambiar_planes",4
"VB060","probabilidad_carrera_no_gusta",9
"VB060","influencia_situacion_pais",10
"VB060","esfuerzo_es_suficiente",4
"VB060","sosten_economico_carrera",6
